<?xml version="1.0" encoding="utf-8" ?>
<dwsync>
<file name="bootstrap.bundle.js" server="indesiv4.beget.tech" local="132782642640000000" remote="133118424600000000" Dst="0" />
<file name="bootstrap.bundle.min.js" server="indesiv4.beget.tech" local="132782642640000000" remote="133118424600000000" Dst="0" />
<file name="bootstrap.bundle.js.map" server="indesiv4.beget.tech" local="132782642640000000" remote="133118424600000000" Dst="0" />
<file name="bootstrap.esm.js" server="indesiv4.beget.tech" local="132782642640000000" remote="133118424600000000" Dst="0" />
<file name="bootstrap.bundle.min.js.map" server="indesiv4.beget.tech" local="132782642640000000" remote="133118424600000000" Dst="0" />
<file name="bootstrap.esm.min.js" server="indesiv4.beget.tech" local="132782642640000000" remote="133118424600000000" Dst="0" />
<file name="bootstrap.esm.js.map" server="indesiv4.beget.tech" local="132782642640000000" remote="133118424600000000" Dst="0" />
<file name="bootstrap.esm.min.js.map" server="indesiv4.beget.tech" local="132782642640000000" remote="133118424600000000" Dst="0" />
<file name="bootstrap.js" server="indesiv4.beget.tech" local="132782642640000000" remote="133118424600000000" Dst="0" />
<file name="bootstrap.js.map" server="indesiv4.beget.tech" local="132782642640000000" remote="133118424600000000" Dst="0" />
<file name="bootstrap.min.js" server="indesiv4.beget.tech" local="132782642640000000" remote="133118424600000000" Dst="0" />
<file name="bootstrap.min.js.map" server="indesiv4.beget.tech" local="132782642640000000" remote="133118425200000000" Dst="0" />
</dwsync>