<?xml version="1.0" encoding="utf-8" ?>
<dwsync>
<file name="Icon_" server="indesiv4.beget.tech" local="132919748280000000" remote="133118424600000000" Dst="0" />
<file name="EULA-PangramPangram-FreeForPersonalUse-MAY2021.pdf" server="indesiv4.beget.tech" local="132652773780000000" remote="133118424600000000" Dst="0" />
<file name="PPNeueMontreal-Bold.otf" server="indesiv4.beget.tech" local="132918056760000000" remote="133118424600000000" Dst="0" />
<file name="PPNeueMontreal-Book.otf" server="indesiv4.beget.tech" local="132918056660000000" remote="133118424600000000" Dst="0" />
<file name="PPNeueMontreal-Italic.otf" server="indesiv4.beget.tech" local="132918056520000000" remote="133118424600000000" Dst="0" />
<file name="PPNeueMontreal-Medium.otf" server="indesiv4.beget.tech" local="132918056740000000" remote="133118424600000000" Dst="0" />
<file name="PPNeueMontreal-SemiBolditalic.otf" server="indesiv4.beget.tech" local="132918056760000000" remote="133118424600000000" Dst="0" />
<file name="PPNeueMontreal-Thin.otf" server="indesiv4.beget.tech" local="132918056520000000" remote="133118424600000000" Dst="0" />
</dwsync>