<?xml version="1.0" encoding="utf-8" ?>
<dwsync>
<file name="arrow-down-white.svg" server="indesiv4.beget.tech" local="133117830315238732" remote="133118424600000000" Dst="0" />
<file name="arrow-down.svg" server="indesiv4.beget.tech" local="133110747920000000" remote="133118424600000000" Dst="0" />
<file name="arrow-right.svg" server="indesiv4.beget.tech" local="133112406236217833" remote="133118424600000000" Dst="0" />
<file name="arrow-up-white.svg" server="indesiv4.beget.tech" local="133117825514081120" remote="133118424600000000" Dst="0" />
<file name="arrow-up.svg" server="indesiv4.beget.tech" local="133110746780000000" remote="133118424600000000" Dst="0" />
<file name="back.svg" server="indesiv4.beget.tech" local="133109801727740742" remote="133118424600000000" Dst="0" />
<file name="check.svg" server="indesiv4.beget.tech" local="133117664681523485" remote="133118424600000000" Dst="0" />
<file name="force.svg" server="indesiv4.beget.tech" local="133107534340000000" remote="133118424600000000" Dst="0" />
<file name="garanty.svg" server="indesiv4.beget.tech" local="133112417665824163" remote="133118424600000000" Dst="0" />
<file name="geo.svg" server="indesiv4.beget.tech" local="133107530680000000" remote="133118424600000000" Dst="0" />
<file name="hm_smile.svg" server="indesiv4.beget.tech" local="133110753020000000" remote="133118424600000000" Dst="0" />
<file name="lang.svg" server="indesiv4.beget.tech" local="133107530780000000" remote="133118424600000000" Dst="0" />
<file name="logo.svg" server="indesiv4.beget.tech" local="133107248660000000" remote="133118424600000000" Dst="0" />
<file name="logodark.svg" server="indesiv4.beget.tech" local="133110718831877910" remote="133118424600000000" Dst="0" />
<file name="menu-burger.svg" server="indesiv4.beget.tech" local="133110741680376962" remote="133118424600000000" Dst="0" />
<file name="photo1.png" server="indesiv4.beget.tech" local="133107412340000000" remote="133118424600000000" Dst="0" />
<file name="search.svg" server="indesiv4.beget.tech" local="133107275040000000" remote="133118424600000000" Dst="0" />
<file name="photo2.png" server="indesiv4.beget.tech" local="133107413420000000" remote="133118424600000000" Dst="0" />
<file name="smile.svg" server="indesiv4.beget.tech" local="133107533500000000" remote="133118424600000000" Dst="0" />
<file name="telegram.svg" server="indesiv4.beget.tech" local="133108375460000000" remote="133118424600000000" Dst="0" />
<file name="upminder.svg" server="indesiv4.beget.tech" local="133108448465000435" remote="133118424600000000" Dst="0" />
<file name="why.svg" server="indesiv4.beget.tech" local="133112417113700667" remote="133118424600000000" Dst="0" />
<file name="x-close.svg" server="indesiv4.beget.tech" local="133117664458025135" remote="133118424600000000" Dst="0" />
<file name="arrow-down-black.svg" server="indesiv4.beget.tech" local="133126458527691480" remote="133128898200000000" Dst="0" />
</dwsync>