<?xml version="1.0" encoding="utf-8" ?>
<dwsync>
<file name="bootstrap-grid.css" server="indesiv4.beget.tech" local="132782642640000000" remote="133118424000000000" Dst="0" />
<file name="bootstrap-grid.min.css" server="indesiv4.beget.tech" local="132782642640000000" remote="133118424000000000" Dst="0" />
<file name="bootstrap-grid.css.map" server="indesiv4.beget.tech" local="132782642640000000" remote="133118424000000000" Dst="0" />
<file name="bootstrap-grid.min.css.map" server="indesiv4.beget.tech" local="132782642640000000" remote="133118424000000000" Dst="0" />
<file name="bootstrap-grid.rtl.css" server="indesiv4.beget.tech" local="132782642640000000" remote="133118424000000000" Dst="0" />
<file name="bootstrap-grid.rtl.min.css" server="indesiv4.beget.tech" local="132782642640000000" remote="133118424000000000" Dst="0" />
<file name="bootstrap-grid.rtl.css.map" server="indesiv4.beget.tech" local="132782642640000000" remote="133118424000000000" Dst="0" />
<file name="bootstrap-reboot.css" server="indesiv4.beget.tech" local="132782642640000000" remote="133118424000000000" Dst="0" />
<file name="bootstrap-grid.rtl.min.css.map" server="indesiv4.beget.tech" local="132782642640000000" remote="133118424000000000" Dst="0" />
<file name="bootstrap-reboot.min.css" server="indesiv4.beget.tech" local="132782642640000000" remote="133118424000000000" Dst="0" />
<file name="bootstrap-reboot.css.map" server="indesiv4.beget.tech" local="132782642640000000" remote="133118424000000000" Dst="0" />
<file name="bootstrap-reboot.min.css.map" server="indesiv4.beget.tech" local="132782642640000000" remote="133118424000000000" Dst="0" />
<file name="bootstrap-reboot.rtl.css.map" server="indesiv4.beget.tech" local="132782642640000000" remote="133118424000000000" Dst="0" />
<file name="bootstrap-reboot.rtl.min.css" server="indesiv4.beget.tech" local="132782642640000000" remote="133118424000000000" Dst="0" />
<file name="bootstrap-reboot.rtl.css" server="indesiv4.beget.tech" local="132782642640000000" remote="133118424000000000" Dst="0" />
<file name="bootstrap-reboot.rtl.min.css.map" server="indesiv4.beget.tech" local="132782642640000000" remote="133118424000000000" Dst="0" />
<file name="bootstrap-utilities.css" server="indesiv4.beget.tech" local="132782642640000000" remote="133118424000000000" Dst="0" />
<file name="bootstrap-utilities.css.map" server="indesiv4.beget.tech" local="132782642640000000" remote="133118424000000000" Dst="0" />
<file name="bootstrap-utilities.min.css" server="indesiv4.beget.tech" local="132782642640000000" remote="133118424000000000" Dst="0" />
<file name="bootstrap-utilities.min.css.map" server="indesiv4.beget.tech" local="132782642640000000" remote="133118424000000000" Dst="0" />
<file name="bootstrap-utilities.rtl.css" server="indesiv4.beget.tech" local="132782642640000000" remote="133118424000000000" Dst="0" />
<file name="bootstrap-utilities.rtl.css.map" server="indesiv4.beget.tech" local="132782642640000000" remote="133118424000000000" Dst="0" />
<file name="bootstrap-utilities.rtl.min.css" server="indesiv4.beget.tech" local="132782642640000000" remote="133118424000000000" Dst="0" />
<file name="bootstrap-utilities.rtl.min.css.map" server="indesiv4.beget.tech" local="132782642640000000" remote="133118424000000000" Dst="0" />
<file name="bootstrap.css" server="indesiv4.beget.tech" local="132782642640000000" remote="133118424000000000" Dst="0" />
<file name="bootstrap.min.css" server="indesiv4.beget.tech" local="132782642640000000" remote="133118424000000000" Dst="0" />
<file name="bootstrap.css.map" server="indesiv4.beget.tech" local="132782642640000000" remote="133118424000000000" Dst="0" />
<file name="bootstrap.rtl.css" server="indesiv4.beget.tech" local="132782642640000000" remote="133118424000000000" Dst="0" />
<file name="bootstrap.min.css.map" server="indesiv4.beget.tech" local="132782642640000000" remote="133118424000000000" Dst="0" />
<file name="bootstrap.rtl.min.css" server="indesiv4.beget.tech" local="132782642640000000" remote="133118424000000000" Dst="0" />
<file name="bootstrap.rtl.css.map" server="indesiv4.beget.tech" local="132782642640000000" remote="133118424600000000" Dst="0" />
<file name="bootstrap.rtl.min.css.map" server="indesiv4.beget.tech" local="132782642640000000" remote="133118424600000000" Dst="0" />
</dwsync>