<?xml version="1.0" encoding="utf-8" ?>
<dwsync>
<file name="cart1.jpg" server="indesiv4.beget.tech" local="133117787153979575" remote="133118424600000000" Dst="0" />
<file name="cart1_m.jpg" server="indesiv4.beget.tech" local="133118369468962047" remote="133118424600000000" Dst="0" />
<file name="cart2.jpg" server="indesiv4.beget.tech" local="133117787281527317" remote="133118424600000000" Dst="0" />
<file name="cart3.jpg" server="indesiv4.beget.tech" local="133117787382461657" remote="133118424600000000" Dst="0" />
<file name="cart2_m.jpg" server="indesiv4.beget.tech" local="133118369563602720" remote="133118424600000000" Dst="0" />
<file name="cart3_m.jpg" server="indesiv4.beget.tech" local="133118369629249689" remote="133118424600000000" Dst="0" />
<file name="foto1_m.jpg" server="indesiv4.beget.tech" local="133118521371083039" remote="133118424600000000" Dst="0" />
<file name="foto1.jpg" server="indesiv4.beget.tech" local="133117043026561377" remote="133118424600000000" Dst="0" />
<file name="foto2.jpg" server="indesiv4.beget.tech" local="133117076062020926" remote="133118424600000000" Dst="0" />
<file name="foto2_m.jpg" server="indesiv4.beget.tech" local="133118525388385533" remote="133118424600000000" Dst="0" />
<file name="ico01.svg" server="indesiv4.beget.tech" local="133117028712917672" remote="133118424600000000" Dst="0" />
<file name="foto3.jpg" server="indesiv4.beget.tech" local="133117076246651222" remote="133118424600000000" Dst="0" />
<file name="foto3_m.jpg" server="indesiv4.beget.tech" local="133118525450819387" remote="133118424600000000" Dst="0" />
<file name="ico02.svg" server="indesiv4.beget.tech" local="133116860090057815" remote="133118424600000000" Dst="0" />
<file name="ico03.svg" server="indesiv4.beget.tech" local="133116860345251417" remote="133118424600000000" Dst="0" />
<file name="ico04.svg" server="indesiv4.beget.tech" local="133116860483116332" remote="133118424600000000" Dst="0" />
<file name="foto4_m.jpg" server="indesiv4.beget.tech" local="133128980379987223" remote="133128898800000000" Dst="0" />
<file name="foto4.jpg" server="indesiv4.beget.tech" local="133128978447349412" remote="133128898800000000" Dst="0" />
<file name="foto5_m.jpg" server="indesiv4.beget.tech" local="133128980484858624" remote="133128898800000000" Dst="0" />
<file name="foto5.jpg" server="indesiv4.beget.tech" local="133128978667806620" remote="133128898800000000" Dst="0" />
<file name="foto6_m.jpg" server="indesiv4.beget.tech" local="133128980613724582" remote="133128898800000000" Dst="0" />
<file name="foto6.jpg" server="indesiv4.beget.tech" local="133128978841602966" remote="133128898800000000" Dst="0" />
</dwsync>