<?xml version="1.0" encoding="utf-8" ?>
<dwsync>
<file name="bookmark.svg" server="indesiv4.beget.tech" local="133109802696105894" remote="133118424600000000" Dst="0" />
<file name="briefcase.svg" server="indesiv4.beget.tech" local="133109808136567903" remote="133118424600000000" Dst="0" />
<file name="credit-card-check.svg" server="indesiv4.beget.tech" local="133109808386877853" remote="133118424600000000" Dst="0" />
<file name="geo2.svg" server="indesiv4.beget.tech" local="133109802787616308" remote="133118424600000000" Dst="0" />
<file name="globe.svg" server="indesiv4.beget.tech" local="133109802931008387" remote="133118424600000000" Dst="0" />
<file name="graduation-hat-02.svg" server="indesiv4.beget.tech" local="133109808025754481" remote="133118424600000000" Dst="0" />
<file name="passport.svg" server="indesiv4.beget.tech" local="133109808257659602" remote="133118424600000000" Dst="0" />
<file name="rocket.svg" server="indesiv4.beget.tech" local="133109802609757390" remote="133118424600000000" Dst="0" />
<file name="shield-tick.svg" server="indesiv4.beget.tech" local="133109808819048763" remote="133118424600000000" Dst="0" />
<file name="verify.svg" server="indesiv4.beget.tech" local="133109801993365340" remote="133118424600000000" Dst="0" />
<file name="award.svg" server="indesiv4.beget.tech" local="133126447714239616" remote="133128898200000000" Dst="0" />
<file name="refresh-cw.svg" server="indesiv4.beget.tech" local="133126448047618375" remote="133128898800000000" Dst="0" />
</dwsync>